Workbook
Name CurMonths: FAR!$P$5
Name PriorMonths: FAR!$P$6

Sheet 사용안내
A1: 이 파일은 일반기업회계기준(K-GAAP) 회사용 계획단계 분석적 검토(FAR) 표준 양식의 비식별 마스터입니다. 원본을 직접 수정하지 말고 사본을 만들어 사용하세요.
A2: ■ 입력 셀은 연한 노란색입니다. 그 외 셀은 수식이므로 덮어쓰지 마세요.
A3: ■ FAR 시트: 당기(회사제시)=G열, 전기=K열, 조정분개 Dr/Cr=H·I열, 질적 판단=Q열. 계정과목은 회사 재무제표의 이름을 그대로 G열에 적습니다.
A4: ■ 계정 행 추가/삭제: 각 그룹(당좌자산, 재고자산 등)의 계정 행은 회사에 맞게 추가·삭제합니다. 그룹 안쪽에 행을 삽입하면 소계·분석 수식이 자동으로 따라갑니다. 분석 파트가 참조하는 계정(매출채권, 대손충당금, 재고자산 구성, 매입채무 등)은 행을 지우지 말고 금액을 0으로 두세요.
A5: ■ 부호: 대손충당금, 감가상각누계액, 자기주식, 기말재고액, 매출할인처럼 차감 성격 계정은 음수로 입력합니다. 부채·자본·수익 행은 대변 증가 기준으로 계산됩니다.
A6: ■ 기간(개월): FAR 시트 P5(당기), P6(전기)에 입력합니다. 연환산 계산이 이 값을 사용하며, 비어 있으면 Q5에 알림이 표시됩니다.
A7: ■ 전전기 기말 잔액 입력: 분석 파트(매출채권, 원재료, 제품, 상품, 매입채무)의 노란색 기초 잔액 셀에 입력합니다.
A8: ■ 공시BS, 공시IS 시트는 FAR의 행 구조에서 생성된 것입니다. FAR에 계정 행을 추가하면 공시 시트도 다시 생성해야 합니다.
A9: ■ 설명란(S열)과 분석 코멘트는 근거가 확인된 사실만 작성하고, 원인이 확인되지 않으면 원인 확인 필요로 표기하세요.
A10: [이 양식의 특징]
A11: 1) K-IFRS 양식(FAR)과 같은 열 구성과 분석 구성(비율분석, 매출, 매출원가, 판관비, 매출채권, 재고자산, 매입채무)을 사용합니다.
A12: 2) 계정과목 열 머리글은 공시계정이며, 일반기업회계기준 회사는 재무제표의 계정과목을 그대로 사용합니다.
... A16: 6) 구조 변경 이력: 원본(K-IFRS) 양식의 반기 고정 산식은 기간(개월) 입력값 기준으로, 차변 성격은 H+I-J, 대변 성격은 H+J-I로 통일했습니다.

Sheet 공시BS
A1: 재무상태표
A2: 제 [ ](당) 기 [ ]년 [ ]월 [ ]일 현재
A3: 제 [ ](전) 기 [ ]년 [ ]월 [ ]일 현재
A4: [회사명]
F5: (단위 : 원)
A6: 과 목 | B6: 주석 | C6: 당기 | E6: 전기
A7: 자산
A8: Ⅰ.유동자산 | D8: =D9+D25 -> 0 | F8: =F9+F25 -> 0 | H8: =D8=FAR!J14 -> TRUE | I8: =F8=FAR!K14 -> TRUE
A9: 1.당좌자산 | D9: =SUM(C10:C24) -> 0 | F9: =SUM(E10:E24) -> 0 | H9: =D9=FAR!J15 -> TRUE | I9: =F9=FAR!K15 -> TRUE
A10: 현금및현금성자산 | C10: =FAR!J16 -> 0 | E10: =FAR!K16 -> 0
A11: 단기금융상품 | C11: =FAR!J17 -> 0 | E11: =FAR!K17 -> 0
A12: 단기투자증권 | C12: =FAR!J18 -> 0 | E12: =FAR!K18 -> 0
A13: 매출채권 | C13: =FAR!J19 -> 0 | E13: =FAR!K19 -> 0
A14: 대손충당금(매출채권) | C14: =FAR!J20 -> 0 | E14: =FAR!K20 -> 0
A15: 미수금 | C15: =FAR!J21 -> 0 | E15: =FAR!K21 -> 0
A16: 대손충당금(미수금) | C16: =FAR!J22 -> 0 | E16: =FAR!K22 -> 0
A17: 미수수익 | C17: =FAR!J23 -> 0 | E17: =FAR!K23 -> 0
A18: 선급금 | C18: =FAR!J24 -> 0 | E18: =FAR!K24 -> 0
A19: 선급비용 | C19: =FAR!J25 -> 0 | E19: =FAR!K25 -> 0
A20: 선납세금 | C20: =FAR!J26 -> 0 | E20: =FAR!K26 -> 0
A21: 부가세대급금 | C21: =FAR!J27 -> 0 | E21: =FAR!K27 -> 0
... A24: 기타당좌자산 | C24: =FAR!J30 -> 0 | E24: =FAR!K30 -> 0
A25: 2.재고자산 | D25: =SUM(C26:C34) -> 0 | F25: =SUM(E26:E34) -> 0 | H25: =D25=FAR!J31 -> TRUE | I25: =F25=FAR!K31 -> TRUE
A26: 상품 | C26: =FAR!J32 -> 0 | E26: =FAR!K32 -> 0
A27: 평가충당금(상품) | C27: =FAR!J33 -> 0 | E27: =FAR!K33 -> 0
A28: 제품 | C28: =FAR!J34 -> 0 | E28: =FAR!K34 -> 0
A29: 평가충당금(제품) | C29: =FAR!J35 -> 0 | E29: =FAR!K35 -> 0
A30: 재공품 | C30: =FAR!J36 -> 0 | E30: =FAR!K36 -> 0
A31: 평가충당금(재공품) | C31: =FAR!J37 -> 0 | E31: =FAR!K37 -> 0
A32: 원재료 | C32: =FAR!J38 -> 0 | E32: =FAR!K38 -> 0
A33: 평가충당금(원재료) | C33: =FAR!J39 -> 0 | E33: =FAR!K39 -> 0
A34: 기타재고자산 | C34: =FAR!J40 -> 0 | E34: =FAR!K40 -> 0
A35: Ⅱ.비유동자산 | D35: =D36+D44+D60+D65 -> 0 | F35: =F36+F44+F60+F65 -> 0 | H35: =D35=FAR!J41 -> TRUE | I35: =F35=FAR!K41 -> TRUE
A36: 1.투자자산 | D36: =SUM(C37:C43) -> 0 | F36: =SUM(E37:E43) -> 0 | H36: =D36=FAR!J42 -> TRUE | I36: =F36=FAR!K42 -> TRUE
A37: 장기금융상품 | C37: =FAR!J43 -> 0 | E37: =FAR!K43 -> 0
A38: 장기투자증권 | C38: =FAR!J44 -> 0 | E38: =FAR!K44 -> 0
A39: 지분법적용투자주식 | C39: =FAR!J45 -> 0 | E39: =FAR!K45 -> 0
A40: 장기대여금 | C40: =FAR!J46 -> 0 | E40: =FAR!K46 -> 0
A41: 대손충당금(장기대여금) | C41: =FAR!J47 -> 0 | E41: =FAR!K47 -> 0
A42: 퇴직보험예치금 | C42: =FAR!J48 -> 0 | E42: =FAR!K48 -> 0
A43: 기타투자자산 | C43: =FAR!J49 -> 0 | E43: =FAR!K49 -> 0
A44: 2.유형자산 | D44: =SUM(C45:C59) -> 0 | F44: =SUM(E45:E59) -> 0 | H44: =D44=FAR!J50 -> TRUE | I44: =F44=FAR!K50 -> TRUE
A45: 토지 | C45: =FAR!J51 -> 0 | E45: =FAR!K51 -> 0
A46: 건물 | C46: =FAR!J52 -> 0 | E46: =FAR!K52 -> 0
A47: 감가상각누계액(건물) | C47: =FAR!J53 -> 0 | E47: =FAR!K53 -> 0
A48: 구축물 | C48: =FAR!J54 -> 0 | E48: =FAR!K54 -> 0
A49: 감가상각누계액(구축물) | C49: =FAR!J55 -> 0 | E49: =FAR!K55 -> 0
A50: 기계장치 | C50: =FAR!J56 -> 0 | E50: =FAR!K56 -> 0
A51: 감가상각누계액(기계장치) | C51: =FAR!J57 -> 0 | E51: =FAR!K57 -> 0
A52: 차량운반구 | C52: =FAR!J58 -> 0 | E52: =FAR!K58 -> 0
A53: 감가상각누계액(차량운반구) | C53: =FAR!J59 -> 0 | E53: =FAR!K59 -> 0
A54: 공구와기구 | C54: =FAR!J60 -> 0 | E54: =FAR!K60 -> 0
A55: 감가상각누계액(공구와기구) | C55: =FAR!J61 -> 0 | E55: =FAR!K61 -> 0
A56: 비품 | C56: =FAR!J62 -> 0 | E56: =FAR!K62 -> 0
... A59: 기타유형자산 | C59: =FAR!J65 -> 0 | E59: =FAR!K65 -> 0
A60: 3.무형자산 | D60: =SUM(C61:C64) -> 0 | F60: =SUM(E61:E64) -> 0 | H60: =D60=FAR!J66 -> TRUE | I60: =F60=FAR!K66 -> TRUE
A61: 영업권 | C61: =FAR!J67 -> 0 | E61: =FAR!K67 -> 0
A62: 산업재산권 | C62: =FAR!J68 -> 0 | E62: =FAR!K68 -> 0
A63: 소프트웨어 | C63: =FAR!J69 -> 0 | E63: =FAR!K69 -> 0
A64: 기타무형자산 | C64: =FAR!J70 -> 0 | E64: =FAR!K70 -> 0
A65: 4.기타비유동자산 | D65: =SUM(C66:C69) -> 0 | F65: =SUM(E66:E69) -> 0 | H65: =D65=FAR!J71 -> TRUE | I65: =F65=FAR!K71 -> TRUE
A66: 임차보증금 | C66: =FAR!J72 -> 0 | E66: =FAR!K72 -> 0
A67: 기타보증금 | C67: =FAR!J73 -> 0 | E67: =FAR!K73 -> 0
A68: 이연법인세자산 | C68: =FAR!J74 -> 0 | E68: =FAR!K74 -> 0
A69: 기타비유동자산 | C69: =FAR!J75 -> 0 | E69: =FAR!K75 -> 0
A70: 자산총계 | D70: =D8+D35 -> 0 | F70: =F8+F35 -> 0 | H70: =D70=FAR!J76 -> TRUE | I70: =F70=FAR!K76 -> TRUE
A71: 부채
A72: Ⅰ.유동부채 | D72: =SUM(C73:C82) -> 0 | F72: =SUM(E73:E82) -> 0 | H72: =D72=FAR!J77 -> TRUE | I72: =F72=FAR!K77 -> TRUE
A73: 매입채무 | C73: =FAR!J78 -> 0 | E73: =FAR!K78 -> 0
A74: 미지급금 | C74: =FAR!J79 -> 0 | E74: =FAR!K79 -> 0
A75: 예수금 | C75: =FAR!J80 -> 0 | E75: =FAR!K80 -> 0
A76: 부가세예수금 | C76: =FAR!J81 -> 0 | E76: =FAR!K81 -> 0
A77: 선수금 | C77: =FAR!J82 -> 0 | E77: =FAR!K82 -> 0
A78: 미지급비용 | C78: =FAR!J83 -> 0 | E78: =FAR!K83 -> 0
A79: 미지급법인세 | C79: =FAR!J84 -> 0 | E79: =FAR!K84 -> 0
A80: 단기차입금 | C80: =FAR!J85 -> 0 | E80: =FAR!K85 -> 0
A81: 유동성장기부채 | C81: =FAR!J86 -> 0 | E81: =FAR!K86 -> 0
A82: 기타유동부채 | C82: =FAR!J87 -> 0 | E82: =FAR!K87 -> 0
A83: Ⅱ.비유동부채 | D83: =SUM(C84:C88) -> 0 | F83: =SUM(E84:E88) -> 0 | H83: =D83=FAR!J88 -> TRUE | I83: =F83=FAR!K88 -> TRUE
A84: 장기차입금 | C84: =FAR!J89 -> 0 | E84: =FAR!K89 -> 0
A85: 퇴직급여충당부채 | C85: =FAR!J90 -> 0 | E85: =FAR!K90 -> 0
A86: 장기미지급금 | C86: =FAR!J91 -> 0 | E86: =FAR!K91 -> 0
A87: 이연법인세부채 | C87: =FAR!J92 -> 0 | E87: =FAR!K92 -> 0
A88: 기타비유동부채 | C88: =FAR!J93 -> 0 | E88: =FAR!K93 -> 0
A89: 부채총계 | D89: =D72+D83 -> 0 | F89: =F72+F83 -> 0 | H89: =D89=FAR!J94 -> TRUE | I89: =F89=FAR!K94 -> TRUE
A90: 자본
A91: Ⅰ.자본금 | D91: =SUM(C92:C92) -> 0 | F91: =SUM(E92:E92) -> 0 | H91: =D91=FAR!J95 -> TRUE | I91: =F91=FAR!K95 -> TRUE
A92: 자본금 | C92: =FAR!J96 -> 0 | E92: =FAR!K96 -> 0
A93: Ⅱ.자본잉여금 | D93: =SUM(C94:C95) -> 0 | F93: =SUM(E94:E95) -> 0 | H93: =D93=FAR!J97 -> TRUE | I93: =F93=FAR!K97 -> TRUE
A94: 주식발행초과금 | C94: =FAR!J98 -> 0 | E94: =FAR!K98 -> 0
A95: 기타자본잉여금 | C95: =FAR!J99 -> 0 | E95: =FAR!K99 -> 0
A96: Ⅲ.자본조정 | D96: =SUM(C97:C98) -> 0 | F96: =SUM(E97:E98) -> 0 | H96: =D96=FAR!J100 -> TRUE | I96: =F96=FAR!K100 -> TRUE
A97: 자기주식 | C97: =FAR!J101 -> 0 | E97: =FAR!K101 -> 0
A98: 기타자본조정 | C98: =FAR!J102 -> 0 | E98: =FAR!K102 -> 0
A99: Ⅳ.기타포괄손익누계액 | D99: =SUM(C100:C101) -> 0 | F99: =SUM(E100:E101) -> 0 | H99: =D99=FAR!J103 -> TRUE | I99: =F99=FAR!K103 -> TRUE
A100: 지분법자본변동 | C100: =FAR!J104 -> 0 | E100: =FAR!K104 -> 0
A101: 기타포괄손익누계액(기타) | C101: =FAR!J105 -> 0 | E101: =FAR!K105 -> 0
A102: Ⅴ.이익잉여금 | D102: =SUM(C103:C106) -> 0 | F102: =SUM(E103:E106) -> 0 | H102: =D102=FAR!J106 -> TRUE | I102: =F102=FAR!K106 -> TRUE
A103: 이익준비금 | C103: =FAR!J107 -> 0 | E103: =FAR!K107 -> 0
A104: 기타법정적립금 | C104: =FAR!J108 -> 0 | E104: =FAR!K108 -> 0
...

Sheet 공시IS
A1: 손익계산서
A2: 제 [ ](당) 기 [ ]년 [ ]월 [ ]일부터 [ ]년 [ ]월 [ ]일까지
A3: 제 [ ](전) 기 [ ]년 [ ]월 [ ]일부터 [ ]년 [ ]월 [ ]일까지
A4: =공시BS!A4 -> [회사명]
F5: (단위 : 원)
A6: 과 목 | B6: 주석 | C6: 당기 | E6: 전기
A7: Ⅰ.매출액 | D7: =SUM(C8:C11) -> 0 | F7: =SUM(E8:E11) -> 0 | H7: =D7=FAR!J118 -> TRUE | I7: =F7=FAR!K118 -> TRUE
A8: 제품매출 | C8: =FAR!J119 -> 0 | E8: =FAR!K119 -> 0
A9: 상품매출 | C9: =FAR!J120 -> 0 | E9: =FAR!K120 -> 0
A10: 기타매출 | C10: =FAR!J121 -> 0 | E10: =FAR!K121 -> 0
A11: 매출할인 | C11: =FAR!J122 -> 0 | E11: =FAR!K122 -> 0
A12: Ⅱ.매출원가 | D12: =D13+D22 -> 0 | F12: =F13+F22 -> 0 | H12: =D12=FAR!J123 -> TRUE | I12: =F12=FAR!K123 -> TRUE
A13: 1.상품매출원가 | D13: =SUM(C14:C21) -> 0 | F13: =SUM(E14:E21) -> 0 | H13: =D13=FAR!J124 -> TRUE | I13: =F13=FAR!K124 -> TRUE
A14: 기초상품재고액 | C14: =FAR!J125 -> 0 | E14: =FAR!K125 -> 0
A15: 당기상품매입액 | C15: =FAR!J126 -> 0 | E15: =FAR!K126 -> 0
A16: 타계정대체입고액(상품) | C16: =FAR!J127 -> 0 | E16: =FAR!K127 -> 0
A17: 매입할인(상품) | C17: =FAR!J128 -> 0 | E17: =FAR!K128 -> 0
A18: 타계정대체액(상품) | C18: =FAR!J129 -> 0 | E18: =FAR!K129 -> 0
A19: 재고자산평가손실 | C19: =FAR!J130 -> 0 | E19: =FAR!K130 -> 0
A20: 재고자산평가손실환입 | C20: =FAR!J131 -> 0 | E20: =FAR!K131 -> 0
A21: 기말상품재고액 | C21: =FAR!J132 -> 0 | E21: =FAR!K132 -> 0
A22: 2.제품매출원가 | D22: =SUM(C23:C27) -> 0 | F22: =SUM(E23:E27) -> 0 | H22: =D22=FAR!J133 -> TRUE | I22: =F22=FAR!K133 -> TRUE
A23: 기초제품재고액 | C23: =FAR!J134 -> 0 | E23: =FAR!K134 -> 0
A24: 당기제품제조원가 | C24: =FAR!J135 -> 0 | E24: =FAR!K135 -> 0
A25: 타계정에서대체액(제품) | C25: =FAR!J136 -> 0 | E25: =FAR!K136 -> 0
A26: 타계정으로대체액(제품) | C26: =FAR!J137 -> 0 | E26: =FAR!K137 -> 0
A27: 기말제품재고액 | C27: =FAR!J138 -> 0 | E27: =FAR!K138 -> 0
A28: Ⅲ.매출총이익 | D28: =D7-D12 -> 0 | F28: =F7-F12 -> 0 | H28: =D28=FAR!J139 -> TRUE | I28: =F28=FAR!K139 -> TRUE
A29: Ⅳ.판매비와관리비 | D29: =D30+D36 -> 0 | F29: =F30+F36 -> 0 | H29: =D29=FAR!J143 -> TRUE | I29: =F29=FAR!K143 -> TRUE
A30: 1.인건비 | D30: =SUM(C31:C35) -> 0 | F30: =SUM(E31:E35) -> 0 | H30: =D30=FAR!J144 -> TRUE | I30: =F30=FAR!K144 -> TRUE
A31: 급여 | C31: =FAR!J145 -> 0 | E31: =FAR!K145 -> 0
A32: 상여금 | C32: =FAR!J146 -> 0 | E32: =FAR!K146 -> 0
A33: 제수당 | C33: =FAR!J147 -> 0 | E33: =FAR!K147 -> 0
A34: 일용급여 | C34: =FAR!J148 -> 0 | E34: =FAR!K148 -> 0
A35: 퇴직급여 | C35: =FAR!J149 -> 0 | E35: =FAR!K149 -> 0
A36: 2.관리비 | D36: =SUM(C37:C57) -> 0 | F36: =SUM(E37:E57) -> 0 | H36: =D36=FAR!J150 -> TRUE | I36: =F36=FAR!K150 -> TRUE
A37: 복리후생비 | C37: =FAR!J151 -> 0 | E37: =FAR!K151 -> 0
A38: 여비교통비 | C38: =FAR!J152 -> 0 | E38: =FAR!K152 -> 0
A39: 접대비(기업업무추진비) | C39: =FAR!J153 -> 0 | E39: =FAR!K153 -> 0
A40: 통신비 | C40: =FAR!J154 -> 0 | E40: =FAR!K154 -> 0
A41: 수도광열비 | C41: =FAR!J155 -> 0 | E41: =FAR!K155 -> 0
A42: 세금과공과금 | C42: =FAR!J156 -> 0 | E42: =FAR!K156 -> 0
A43: 감가상각비 | C43: =FAR!J157 -> 0 | E43: =FAR!K157 -> 0
A44: 지급임차료 | C44: =FAR!J158 -> 0 | E44: =FAR!K158 -> 0
A45: 수선비 | C45: =FAR!J159 -> 0 | E45: =FAR!K159 -> 0
A46: 보험료 | C46: =FAR!J160 -> 0 | E46: =FAR!K160 -> 0
A47: 차량유지비 | C47: =FAR!J161 -> 0 | E47: =FAR!K161 -> 0
A48: 운반비 | C48: =FAR!J162 -> 0 | E48: =FAR!K162 -> 0
... A57: 기타판매관리비 | C57: =FAR!J171 -> 0 | E57: =FAR!K171 -> 0
A58: Ⅴ.영업이익 | D58: =D28-D29 -> 0 | F58: =F28-F29 -> 0 | H58: =D58=FAR!J172 -> TRUE | I58: =F58=FAR!K172 -> TRUE
A59: Ⅵ.영업외수익 | D59: =SUM(C60:C66) -> 0 | F59: =SUM(E60:E66) -> 0 | H59: =D59=FAR!J175 -> TRUE | I59: =F59=FAR!K175 -> TRUE
A60: 이자수익 | C60: =FAR!J176 -> 0 | E60: =FAR!K176 -> 0
A61: 외환차익 | C61: =FAR!J177 -> 0 | E61: =FAR!K177 -> 0
A62: 외화환산이익 | C62: =FAR!J178 -> 0 | E62: =FAR!K178 -> 0
A63: 배당금수익 | C63: =FAR!J179 -> 0 | E63: =FAR!K179 -> 0
A64: 유형자산처분이익 | C64: =FAR!J180 -> 0 | E64: =FAR!K180 -> 0
A65: 지분법이익 | C65: =FAR!J181 -> 0 | E65: =FAR!K181 -> 0
A66: 잡이익 | C66: =FAR!J182 -> 0 | E66: =FAR!K182 -> 0
A67: Ⅶ.영업외비용 | D67: =SUM(C68:C75) -> 0 | F67: =SUM(E68:E75) -> 0 | H67: =D67=FAR!J183 -> TRUE | I67: =F67=FAR!K183 -> TRUE
A68: 이자비용 | C68: =FAR!J184 -> 0 | E68: =FAR!K184 -> 0
A69: 외환차손 | C69: =FAR!J185 -> 0 | E69: =FAR!K185 -> 0
A70: 외화환산손실 | C70: =FAR!J186 -> 0 | E70: =FAR!K186 -> 0
A71: 기부금 | C71: =FAR!J187 -> 0 | E71: =FAR!K187 -> 0
A72: 유형자산처분손실 | C72: =FAR!J188 -> 0 | E72: =FAR!K188 -> 0
A73: 유형자산폐기손실 | C73: =FAR!J189 -> 0 | E73: =FAR!K189 -> 0
A74: 지분법손실 | C74: =FAR!J190 -> 0 | E74: =FAR!K190 -> 0
A75: 잡손실 | C75: =FAR!J191 -> 0 | E75: =FAR!K191 -> 0
A76: Ⅷ.경상이익 | D76: =D58+D59-D67 -> 0 | F76: =F58+F59-F67 -> 0 | H76: =D76=FAR!J192 -> TRUE | I76: =F76=FAR!K192 -> TRUE
A77: Ⅸ.특별이익 | D77: =SUM(C78:C78) -> 0 | F77: =SUM(E78:E78) -> 0 | H77: =D77=FAR!J193 -> TRUE | I77: =F77=FAR!K193 -> TRUE
A78: 기타특별이익 | C78: =FAR!J194 -> 0 | E78: =FAR!K194 -> 0
A79: Ⅹ.특별손실 | D79: =SUM(C80:C80) -> 0 | F79: =SUM(E80:E80) -> 0 | H79: =D79=FAR!J195 -> TRUE | I79: =F79=FAR!K195 -> TRUE
A80: 기타특별손실 | C80: =FAR!J196 -> 0 | E80: =FAR!K196 -> 0
A81: 법인세비용차감전순이익 | D81: =D76+D77-D79 -> 0 | F81: =F76+F77-F79 -> 0 | H81: =D81=FAR!J197 -> TRUE | I81: =F81=FAR!K197 -> TRUE
A82: 법인세비용 | C82: =FAR!J199 -> 0 | E82: =FAR!K199 -> 0
A83: 당기순이익 | D83: =D81-C82 -> 0 | F83: =F81-E82 -> 0 | H83: =D83=FAR!J200 -> TRUE | I83: =F83=FAR!K200 -> TRUE

Sheet 왜곡표시
M1: 회사로부터 제시받은 왜곡표시
B2: 회사명: | E2: [회사명] | H2: 작성자: | J2: 일자:
B3: 결산일: | H3: 검토자:
B5: Description | G5: BS | I5: IS | K5: 손익에 미치는 효과 | L5: Accep -ted | M5: Pass -ed
G6: Dr) | H6: Cr) | I6: Dr) | J6: Cr)
B62: 수정사항 효과 합계 | G62: =SUM(G7:G61) -> 0 | H62: =SUM(H7:H61) -> 0 | I62: =SUM(I7:I61) -> 0 | J62: =SUM(J7:J61) -> 0 | K62: =SUM(K7:K61) -> 0 | O62: =G62+I62=H62+J62 -> TRUE
K63: =FAR!I202-FAR!H202=K62 -> TRUE
F65: 왜곡표시 | G65: =G62+I62 -> 0 | H65: =H62+J62 -> 0
F66: 정산표 | G66: =FAR!H113 -> 0 | H66: =FAR!I113 -> 0
F67: diff | G67: =G65-G66 -> 0 | H67: =H65-H66 -> 0

Sheet FAR
D2: 계획단계 분석적절차 - Planning Analytical Review
F4: BDO
F5: CLIENT NAME | G5: [회사명] | K5: Preparer | L5: Reviewer | M5: Date | O5: 당기 기간(개월) | Q5: =IF(AND(ISNUMBER(P5),ISNUMBER(P6)),"","※ 기간(개월) 입력 필요 (Q5, Q6)") -> ※ 기간(개월) 입력 필요 (Q5, Q6)
F6: DOCUMENT NAME | G6: Planning Analytical Review | O6: 전기 기간(개월)
F7: PERIOD END | K7: Engagement Materiality | L7: Performance Materiality | M7: Currency
F8: DOCUMENT MANAGER REF | K8: =ROUND(G118*0.5%,-6) -> 0 | L8: =K8*75% -> 0 | M8: No Rounding
D10: 1. 재무상태표
G11: 당기(회사제시) | H11: Dr | I11: Cr | J11: 당기(검토후제시) | K11: 전기 | L11: Variance | N11: 중요성 양정기준 | O11: 유의중요성 x 75% | P11: 유의한 계정과목 | S11: 설명
J12: =G12 -> 0 | L12: 금액 | M12: % | N12: =K8 -> 0 | O12: =N12*75% -> 0 | P12: 양적 | Q12: 질적 | R12: 여부 결론
A13: 1 | D13: 재무상태표
B14: Assign | C14: 공시계정 | D14: Ⅰ.유동자산 | G14: =G15+G31 -> 0 | J14: =J15+J31 -> 0 | K14: =K15+K31 -> 0 | L14: =L15+L31 -> 0 | M14: =L14/K14 -> #DIV/0!
E15: 1.당좌자산 | G15: =SUM(G16:G30) -> 0 | J15: =SUM(J16:J30) -> 0 | K15: =SUM(K16:K30) -> 0 | L15: =SUM(L16:L30) -> 0 | M15: =L15/K15 -> #DIV/0! | N15: =G15/$N$12 -> #DIV/0! | O15: =G15/$O$12 -> #DIV/0! | P15: =IF(ABS(O15)>100%,"O","X") -> #DIV/0! | R15: =IF(P15="O","O",IF(Q15="O","O","X")) -> #DIV/0!
C16: 현금및현금성자산 | F16: 현금및현금성자산 | J16: =G16+H16-I16 -> 0 | L16: =J16-K16 -> 0 | M16: =L16/K16 -> #DIV/0! | N16: =G16/$N$12 -> #DIV/0! | O16: =G16/$O$12 -> #DIV/0! | P16: =IF(ABS(O16)>100%,"O","X") -> #DIV/0! | R16: =IF(P16="O","O",IF(Q16="O","O","X")) -> #DIV/0!
C17: 단기금융상품 | F17: 단기금융상품 | J17: =G17+H17-I17 -> 0 | L17: =J17-K17 -> 0 | M17: =L17/K17 -> #DIV/0! | N17: =G17/$N$12 -> #DIV/0! | O17: =G17/$O$12 -> #DIV/0! | P17: =IF(ABS(O17)>100%,"O","X") -> #DIV/0! | R17: =IF(P17="O","O",IF(Q17="O","O","X")) -> #DIV/0!
C18: 단기투자증권 | F18: 단기투자증권 | J18: =G18+H18-I18 -> 0 | L18: =J18-K18 -> 0 | M18: =L18/K18 -> #DIV/0! | N18: =G18/$N$12 -> #DIV/0! | O18: =G18/$O$12 -> #DIV/0! | P18: =IF(ABS(O18)>100%,"O","X") -> #DIV/0! | R18: =IF(P18="O","O",IF(Q18="O","O","X")) -> #DIV/0!
C19: 매출채권 | F19: 매출채권 | J19: =G19+H19-I19 -> 0 | L19: =J19-K19 -> 0 | M19: =L19/K19 -> #DIV/0! | N19: =G19/$N$12 -> #DIV/0! | O19: =G19/$O$12 -> #DIV/0! | P19: =IF(ABS(O19)>100%,"O","X") -> #DIV/0! | R19: =IF(P19="O","O",IF(Q19="O","O","X")) -> #DIV/0!
C20: 대손충당금(매출채권) | F20: 대손충당금(매출채권) | J20: =G20+H20-I20 -> 0 | L20: =J20-K20 -> 0 | M20: =L20/K20 -> #DIV/0! | N20: =G20/$N$12 -> #DIV/0! | O20: =G20/$O$12 -> #DIV/0! | P20: =IF(ABS(O20)>100%,"O","X") -> #DIV/0! | R20: =IF(P20="O","O",IF(Q20="O","O","X")) -> #DIV/0!
C21: 미수금 | F21: 미수금 | J21: =G21+H21-I21 -> 0 | L21: =J21-K21 -> 0 | M21: =L21/K21 -> #DIV/0! | N21: =G21/$N$12 -> #DIV/0! | O21: =G21/$O$12 -> #DIV/0! | P21: =IF(ABS(O21)>100%,"O","X") -> #DIV/0! | R21: =IF(P21="O","O",IF(Q21="O","O","X")) -> #DIV/0!
C22: 대손충당금(미수금) | F22: 대손충당금(미수금) | J22: =G22+H22-I22 -> 0 | L22: =J22-K22 -> 0 | M22: =L22/K22 -> #DIV/0! | N22: =G22/$N$12 -> #DIV/0! | O22: =G22/$O$12 -> #DIV/0! | P22: =IF(ABS(O22)>100%,"O","X") -> #DIV/0! | R22: =IF(P22="O","O",IF(Q22="O","O","X")) -> #DIV/0!
C23: 미수수익 | F23: 미수수익 | J23: =G23+H23-I23 -> 0 | L23: =J23-K23 -> 0 | M23: =L23/K23 -> #DIV/0! | N23: =G23/$N$12 -> #DIV/0! | O23: =G23/$O$12 -> #DIV/0! | P23: =IF(ABS(O23)>100%,"O","X") -> #DIV/0! | R23: =IF(P23="O","O",IF(Q23="O","O","X")) -> #DIV/0!
C24: 선급금 | F24: 선급금 | J24: =G24+H24-I24 -> 0 | L24: =J24-K24 -> 0 | M24: =L24/K24 -> #DIV/0! | N24: =G24/$N$12 -> #DIV/0! | O24: =G24/$O$12 -> #DIV/0! | P24: =IF(ABS(O24)>100%,"O","X") -> #DIV/0! | R24: =IF(P24="O","O",IF(Q24="O","O","X")) -> #DIV/0!
C25: 선급비용 | F25: 선급비용 | J25: =G25+H25-I25 -> 0 | L25: =J25-K25 -> 0 | M25: =L25/K25 -> #DIV/0! | N25: =G25/$N$12 -> #DIV/0! | O25: =G25/$O$12 -> #DIV/0! | P25: =IF(ABS(O25)>100%,"O","X") -> #DIV/0! | R25: =IF(P25="O","O",IF(Q25="O","O","X")) -> #DIV/0!
C26: 선납세금 | F26: 선납세금 | J26: =G26+H26-I26 -> 0 | L26: =J26-K26 -> 0 | M26: =L26/K26 -> #DIV/0! | N26: =G26/$N$12 -> #DIV/0! | O26: =G26/$O$12 -> #DIV/0! | P26: =IF(ABS(O26)>100%,"O","X") -> #DIV/0! | R26: =IF(P26="O","O",IF(Q26="O","O","X")) -> #DIV/0!
C27: 부가세대급금 | F27: 부가세대급금 | J27: =G27+H27-I27 -> 0 | L27: =J27-K27 -> 0 | M27: =L27/K27 -> #DIV/0! | N27: =G27/$N$12 -> #DIV/0! | O27: =G27/$O$12 -> #DIV/0! | P27: =IF(ABS(O27)>100%,"O","X") -> #DIV/0! | R27: =IF(P27="O","O",IF(Q27="O","O","X")) -> #DIV/0!
... C30: 기타당좌자산 | F30: 기타당좌자산 | J30: =G30+H30-I30 -> 0 | L30: =J30-K30 -> 0 | M30: =L30/K30 -> #DIV/0! | N30: =G30/$N$12 -> #DIV/0! | O30: =G30/$O$12 -> #DIV/0! | P30: =IF(ABS(O30)>100%,"O","X") -> #DIV/0! | R30: =IF(P30="O","O",IF(Q30="O","O","X")) -> #DIV/0!
E31: 2.재고자산 | G31: =SUM(G32:G40) -> 0 | J31: =SUM(J32:J40) -> 0 | K31: =SUM(K32:K40) -> 0 | L31: =SUM(L32:L40) -> 0 | M31: =L31/K31 -> #DIV/0! | N31: =G31/$N$12 -> #DIV/0! | O31: =G31/$O$12 -> #DIV/0! | P31: =IF(ABS(O31)>100%,"O","X") -> #DIV/0! | R31: =IF(P31="O","O",IF(Q31="O","O","X")) -> #DIV/0!
C32: 상품 | F32: 상품 | J32: =G32+H32-I32 -> 0 | L32: =J32-K32 -> 0 | M32: =L32/K32 -> #DIV/0! | N32: =G32/$N$12 -> #DIV/0! | O32: =G32/$O$12 -> #DIV/0! | P32: =IF(ABS(O32)>100%,"O","X") -> #DIV/0! | R32: =IF(P32="O","O",IF(Q32="O","O","X")) -> #DIV/0!
C33: 평가충당금(상품) | F33: 평가충당금(상품) | J33: =G33+H33-I33 -> 0 | L33: =J33-K33 -> 0 | M33: =L33/K33 -> #DIV/0! | N33: =G33/$N$12 -> #DIV/0! | O33: =G33/$O$12 -> #DIV/0! | P33: =IF(ABS(O33)>100%,"O","X") -> #DIV/0! | R33: =IF(P33="O","O",IF(Q33="O","O","X")) -> #DIV/0!
C34: 제품 | F34: 제품 | J34: =G34+H34-I34 -> 0 | L34: =J34-K34 -> 0 | M34: =L34/K34 -> #DIV/0! | N34: =G34/$N$12 -> #DIV/0! | O34: =G34/$O$12 -> #DIV/0! | P34: =IF(ABS(O34)>100%,"O","X") -> #DIV/0! | R34: =IF(P34="O","O",IF(Q34="O","O","X")) -> #DIV/0!
C35: 평가충당금(제품) | F35: 평가충당금(제품) | J35: =G35+H35-I35 -> 0 | L35: =J35-K35 -> 0 | M35: =L35/K35 -> #DIV/0! | N35: =G35/$N$12 -> #DIV/0! | O35: =G35/$O$12 -> #DIV/0! | P35: =IF(ABS(O35)>100%,"O","X") -> #DIV/0! | R35: =IF(P35="O","O",IF(Q35="O","O","X")) -> #DIV/0!
C36: 재공품 | F36: 재공품 | J36: =G36+H36-I36 -> 0 | L36: =J36-K36 -> 0 | M36: =L36/K36 -> #DIV/0! | N36: =G36/$N$12 -> #DIV/0! | O36: =G36/$O$12 -> #DIV/0! | P36: =IF(ABS(O36)>100%,"O","X") -> #DIV/0! | R36: =IF(P36="O","O",IF(Q36="O","O","X")) -> #DIV/0!
C37: 평가충당금(재공품) | F37: 평가충당금(재공품) | J37: =G37+H37-I37 -> 0 | L37: =J37-K37 -> 0 | M37: =L37/K37 -> #DIV/0! | N37: =G37/$N$12 -> #DIV/0! | O37: =G37/$O$12 -> #DIV/0! | P37: =IF(ABS(O37)>100%,"O","X") -> #DIV/0! | R37: =IF(P37="O","O",IF(Q37="O","O","X")) -> #DIV/0!
C38: 원재료 | F38: 원재료 | J38: =G38+H38-I38 -> 0 | L38: =J38-K38 -> 0 | M38: =L38/K38 -> #DIV/0! | N38: =G38/$N$12 -> #DIV/0! | O38: =G38/$O$12 -> #DIV/0! | P38: =IF(ABS(O38)>100%,"O","X") -> #DIV/0! | R38: =IF(P38="O","O",IF(Q38="O","O","X")) -> #DIV/0!
C39: 평가충당금(원재료) | F39: 평가충당금(원재료) | J39: =G39+H39-I39 -> 0 | L39: =J39-K39 -> 0 | M39: =L39/K39 -> #DIV/0! | N39: =G39/$N$12 -> #DIV/0! | O39: =G39/$O$12 -> #DIV/0! | P39: =IF(ABS(O39)>100%,"O","X") -> #DIV/0! | R39: =IF(P39="O","O",IF(Q39="O","O","X")) -> #DIV/0!
C40: 기타재고자산 | F40: 기타재고자산 | J40: =G40+H40-I40 -> 0 | L40: =J40-K40 -> 0 | M40: =L40/K40 -> #DIV/0! | N40: =G40/$N$12 -> #DIV/0! | O40: =G40/$O$12 -> #DIV/0! | P40: =IF(ABS(O40)>100%,"O","X") -> #DIV/0! | R40: =IF(P40="O","O",IF(Q40="O","O","X")) -> #DIV/0!
D41: Ⅱ.비유동자산 | G41: =G42+G50+G66+G71 -> 0 | J41: =J42+J50+J66+J71 -> 0 | K41: =K42+K50+K66+K71 -> 0 | L41: =L42+L50+L66+L71 -> 0 | M41: =L41/K41 -> #DIV/0! | N41: =G41/$N$12 -> #DIV/0! | O41: =G41/$O$12 -> #DIV/0! | P41: =IF(ABS(O41)>100%,"O","X") -> #DIV/0! | R41: =IF(P41="O","O",IF(Q41="O","O","X")) -> #DIV/0!
E42: 1.투자자산 | G42: =SUM(G43:G49) -> 0 | J42: =SUM(J43:J49) -> 0 | K42: =SUM(K43:K49) -> 0 | L42: =SUM(L43:L49) -> 0 | M42: =L42/K42 -> #DIV/0! | N42: =G42/$N$12 -> #DIV/0! | O42: =G42/$O$12 -> #DIV/0! | P42: =IF(ABS(O42)>100%,"O","X") -> #DIV/0! | R42: =IF(P42="O","O",IF(Q42="O","O","X")) -> #DIV/0!
C43: 장기금융상품 | F43: 장기금융상품 | J43: =G43+H43-I43 -> 0 | L43: =J43-K43 -> 0 | M43: =L43/K43 -> #DIV/0! | N43: =G43/$N$12 -> #DIV/0! | O43: =G43/$O$12 -> #DIV/0! | P43: =IF(ABS(O43)>100%,"O","X") -> #DIV/0! | R43: =IF(P43="O","O",IF(Q43="O","O","X")) -> #DIV/0!
C44: 장기투자증권 | F44: 장기투자증권 | J44: =G44+H44-I44 -> 0 | L44: =J44-K44 -> 0 | M44: =L44/K44 -> #DIV/0! | N44: =G44/$N$12 -> #DIV/0! | O44: =G44/$O$12 -> #DIV/0! | P44: =IF(ABS(O44)>100%,"O","X") -> #DIV/0! | R44: =IF(P44="O","O",IF(Q44="O","O","X")) -> #DIV/0!
C45: 지분법적용투자주식 | F45: 지분법적용투자주식 | J45: =G45+H45-I45 -> 0 | L45: =J45-K45 -> 0 | M45: =L45/K45 -> #DIV/0! | N45: =G45/$N$12 -> #DIV/0! | O45: =G45/$O$12 -> #DIV/0! | P45: =IF(ABS(O45)>100%,"O","X") -> #DIV/0! | R45: =IF(P45="O","O",IF(Q45="O","O","X")) -> #DIV/0!
C46: 장기대여금 | F46: 장기대여금 | J46: =G46+H46-I46 -> 0 | L46: =J46-K46 -> 0 | M46: =L46/K46 -> #DIV/0! | N46: =G46/$N$12 -> #DIV/0! | O46: =G46/$O$12 -> #DIV/0! | P46: =IF(ABS(O46)>100%,"O","X") -> #DIV/0! | R46: =IF(P46="O","O",IF(Q46="O","O","X")) -> #DIV/0!
C47: 대손충당금(장기대여금) | F47: 대손충당금(장기대여금) | J47: =G47+H47-I47 -> 0 | L47: =J47-K47 -> 0 | M47: =L47/K47 -> #DIV/0! | N47: =G47/$N$12 -> #DIV/0! | O47: =G47/$O$12 -> #DIV/0! | P47: =IF(ABS(O47)>100%,"O","X") -> #DIV/0! | R47: =IF(P47="O","O",IF(Q47="O","O","X")) -> #DIV/0!
C48: 퇴직보험예치금 | F48: 퇴직보험예치금 | J48: =G48+H48-I48 -> 0 | L48: =J48-K48 -> 0 | M48: =L48/K48 -> #DIV/0! | N48: =G48/$N$12 -> #DIV/0! | O48: =G48/$O$12 -> #DIV/0! | P48: =IF(ABS(O48)>100%,"O","X") -> #DIV/0! | R48: =IF(P48="O","O",IF(Q48="O","O","X")) -> #DIV/0!
C49: 기타투자자산 | F49: 기타투자자산 | J49: =G49+H49-I49 -> 0 | L49: =J49-K49 -> 0 | M49: =L49/K49 -> #DIV/0! | N49: =G49/$N$12 -> #DIV/0! | O49: =G49/$O$12 -> #DIV/0! | P49: =IF(ABS(O49)>100%,"O","X") -> #DIV/0! | R49: =IF(P49="O","O",IF(Q49="O","O","X")) -> #DIV/0!
E50: 2.유형자산 | G50: =SUM(G51:G65) -> 0 | J50: =SUM(J51:J65) -> 0 | K50: =SUM(K51:K65) -> 0 | L50: =SUM(L51:L65) -> 0 | M50: =L50/K50 -> #DIV/0! | N50: =G50/$N$12 -> #DIV/0! | O50: =G50/$O$12 -> #DIV/0! | P50: =IF(ABS(O50)>100%,"O","X") -> #DIV/0! | R50: =IF(P50="O","O",IF(Q50="O","O","X")) -> #DIV/0!
C51: 토지 | F51: 토지 | J51: =G51+H51-I51 -> 0 | L51: =J51-K51 -> 0 | M51: =L51/K51 -> #DIV/0! | N51: =G51/$N$12 -> #DIV/0! | O51: =G51/$O$12 -> #DIV/0! | P51: =IF(ABS(O51)>100%,"O","X") -> #DIV/0! | R51: =IF(P51="O","O",IF(Q51="O","O","X")) -> #DIV/0!
C52: 건물 | F52: 건물 | J52: =G52+H52-I52 -> 0 | L52: =J52-K52 -> 0 | M52: =L52/K52 -> #DIV/0! | N52: =G52/$N$12 -> #DIV/0! | O52: =G52/$O$12 -> #DIV/0! | P52: =IF(ABS(O52)>100%,"O","X") -> #DIV/0! | R52: =IF(P52="O","O",IF(Q52="O","O","X")) -> #DIV/0!
C53: 감가상각누계액(건물) | F53: 감가상각누계액(건물) | J53: =G53+H53-I53 -> 0 | L53: =J53-K53 -> 0 | M53: =L53/K53 -> #DIV/0! | N53: =G53/$N$12 -> #DIV/0! | O53: =G53/$O$12 -> #DIV/0! | P53: =IF(ABS(O53)>100%,"O","X") -> #DIV/0! | R53: =IF(P53="O","O",IF(Q53="O","O","X")) -> #DIV/0!
C54: 구축물 | F54: 구축물 | J54: =G54+H54-I54 -> 0 | L54: =J54-K54 -> 0 | M54: =L54/K54 -> #DIV/0! | N54: =G54/$N$12 -> #DIV/0! | O54: =G54/$O$12 -> #DIV/0! | P54: =IF(ABS(O54)>100%,"O","X") -> #DIV/0! | R54: =IF(P54="O","O",IF(Q54="O","O","X")) -> #DIV/0!
C55: 감가상각누계액(구축물) | F55: 감가상각누계액(구축물) | J55: =G55+H55-I55 -> 0 | L55: =J55-K55 -> 0 | M55: =L55/K55 -> #DIV/0! | N55: =G55/$N$12 -> #DIV/0! | O55: =G55/$O$12 -> #DIV/0! | P55: =IF(ABS(O55)>100%,"O","X") -> #DIV/0! | R55: =IF(P55="O","O",IF(Q55="O","O","X")) -> #DIV/0!
C56: 기계장치 | F56: 기계장치 | J56: =G56+H56-I56 -> 0 | L56: =J56-K56 -> 0 | M56: =L56/K56 -> #DIV/0! | N56: =G56/$N$12 -> #DIV/0! | O56: =G56/$O$12 -> #DIV/0! | P56: =IF(ABS(O56)>100%,"O","X") -> #DIV/0! | R56: =IF(P56="O","O",IF(Q56="O","O","X")) -> #DIV/0!
C57: 감가상각누계액(기계장치) | F57: 감가상각누계액(기계장치) | J57: =G57+H57-I57 -> 0 | L57: =J57-K57 -> 0 | M57: =L57/K57 -> #DIV/0! | N57: =G57/$N$12 -> #DIV/0! | O57: =G57/$O$12 -> #DIV/0! | P57: =IF(ABS(O57)>100%,"O","X") -> #DIV/0! | R57: =IF(P57="O","O",IF(Q57="O","O","X")) -> #DIV/0!
C58: 차량운반구 | F58: 차량운반구 | J58: =G58+H58-I58 -> 0 | L58: =J58-K58 -> 0 | M58: =L58/K58 -> #DIV/0! | N58: =G58/$N$12 -> #DIV/0! | O58: =G58/$O$12 -> #DIV/0! | P58: =IF(ABS(O58)>100%,"O","X") -> #DIV/0! | R58: =IF(P58="O","O",IF(Q58="O","O","X")) -> #DIV/0!
C59: 감가상각누계액(차량운반구) | F59: 감가상각누계액(차량운반구) | J59: =G59+H59-I59 -> 0 | L59: =J59-K59 -> 0 | M59: =L59/K59 -> #DIV/0! | N59: =G59/$N$12 -> #DIV/0! | O59: =G59/$O$12 -> #DIV/0! | P59: =IF(ABS(O59)>100%,"O","X") -> #DIV/0! | R59: =IF(P59="O","O",IF(Q59="O","O","X")) -> #DIV/0!
C60: 공구와기구 | F60: 공구와기구 | J60: =G60+H60-I60 -> 0 | L60: =J60-K60 -> 0 | M60: =L60/K60 -> #DIV/0! | N60: =G60/$N$12 -> #DIV/0! | O60: =G60/$O$12 -> #DIV/0! | P60: =IF(ABS(O60)>100%,"O","X") -> #DIV/0! | R60: =IF(P60="O","O",IF(Q60="O","O","X")) -> #DIV/0!
C61: 감가상각누계액(공구와기구) | F61: 감가상각누계액(공구와기구) | J61: =G61+H61-I61 -> 0 | L61: =J61-K61 -> 0 | M61: =L61/K61 -> #DIV/0! | N61: =G61/$N$12 -> #DIV/0! | O61: =G61/$O$12 -> #DIV/0! | P61: =IF(ABS(O61)>100%,"O","X") -> #DIV/0! | R61: =IF(P61="O","O",IF(Q61="O","O","X")) -> #DIV/0!
C62: 비품 | F62: 비품 | J62: =G62+H62-I62 -> 0 | L62: =J62-K62 -> 0 | M62: =L62/K62 -> #DIV/0! | N62: =G62/$N$12 -> #DIV/0! | O62: =G62/$O$12 -> #DIV/0! | P62: =IF(ABS(O62)>100%,"O","X") -> #DIV/0! | R62: =IF(P62="O","O",IF(Q62="O","O","X")) -> #DIV/0!
... C65: 기타유형자산 | F65: 기타유형자산 | J65: =G65+H65-I65 -> 0 | L65: =J65-K65 -> 0 | M65: =L65/K65 -> #DIV/0! | N65: =G65/$N$12 -> #DIV/0! | O65: =G65/$O$12 -> #DIV/0! | P65: =IF(ABS(O65)>100%,"O","X") -> #DIV/0! | R65: =IF(P65="O","O",IF(Q65="O","O","X")) -> #DIV/0!
E66: 3.무형자산 | G66: =SUM(G67:G70) -> 0 | J66: =SUM(J67:J70) -> 0 | K66: =SUM(K67:K70) -> 0 | L66: =SUM(L67:L70) -> 0 | M66: =L66/K66 -> #DIV/0! | N66: =G66/$N$12 -> #DIV/0! | O66: =G66/$O$12 -> #DIV/0! | P66: =IF(ABS(O66)>100%,"O","X") -> #DIV/0! | R66: =IF(P66="O","O",IF(Q66="O","O","X")) -> #DIV/0!
C67: 영업권 | F67: 영업권 | J67: =G67+H67-I67 -> 0 | L67: =J67-K67 -> 0 | M67: =L67/K67 -> #DIV/0! | N67: =G67/$N$12 -> #DIV/0! | O67: =G67/$O$12 -> #DIV/0! | P67: =IF(ABS(O67)>100%,"O","X") -> #DIV/0! | R67: =IF(P67="O","O",IF(Q67="O","O","X")) -> #DIV/0!
C68: 산업재산권 | F68: 산업재산권 | J68: =G68+H68-I68 -> 0 | L68: =J68-K68 -> 0 | M68: =L68/K68 -> #DIV/0! | N68: =G68/$N$12 -> #DIV/0! | O68: =G68/$O$12 -> #DIV/0! | P68: =IF(ABS(O68)>100%,"O","X") -> #DIV/0! | R68: =IF(P68="O","O",IF(Q68="O","O","X")) -> #DIV/0!
C69: 소프트웨어 | F69: 소프트웨어 | J69: =G69+H69-I69 -> 0 | L69: =J69-K69 -> 0 | M69: =L69/K69 -> #DIV/0! | N69: =G69/$N$12 -> #DIV/0! | O69: =G69/$O$12 -> #DIV/0! | P69: =IF(ABS(O69)>100%,"O","X") -> #DIV/0! | R69: =IF(P69="O","O",IF(Q69="O","O","X")) -> #DIV/0!
C70: 기타무형자산 | F70: 기타무형자산 | J70: =G70+H70-I70 -> 0 | L70: =J70-K70 -> 0 | M70: =L70/K70 -> #DIV/0! | N70: =G70/$N$12 -> #DIV/0! | O70: =G70/$O$12 -> #DIV/0! | P70: =IF(ABS(O70)>100%,"O","X") -> #DIV/0! | R70: =IF(P70="O","O",IF(Q70="O","O","X")) -> #DIV/0!
E71: 4.기타비유동자산 | G71: =SUM(G72:G75) -> 0 | J71: =SUM(J72:J75) -> 0 | K71: =SUM(K72:K75) -> 0 | L71: =SUM(L72:L75) -> 0 | M71: =L71/K71 -> #DIV/0! | N71: =G71/$N$12 -> #DIV/0! | O71: =G71/$O$12 -> #DIV/0! | P71: =IF(ABS(O71)>100%,"O","X") -> #DIV/0! | R71: =IF(P71="O","O",IF(Q71="O","O","X")) -> #DIV/0!
C72: 임차보증금 | F72: 임차보증금 | J72: =G72+H72-I72 -> 0 | L72: =J72-K72 -> 0 | M72: =L72/K72 -> #DIV/0! | N72: =G72/$N$12 -> #DIV/0! | O72: =G72/$O$12 -> #DIV/0! | P72: =IF(ABS(O72)>100%,"O","X") -> #DIV/0! | R72: =IF(P72="O","O",IF(Q72="O","O","X")) -> #DIV/0!
C73: 기타보증금 | F73: 기타보증금 | J73: =G73+H73-I73 -> 0 | L73: =J73-K73 -> 0 | M73: =L73/K73 -> #DIV/0! | N73: =G73/$N$12 -> #DIV/0! | O73: =G73/$O$12 -> #DIV/0! | P73: =IF(ABS(O73)>100%,"O","X") -> #DIV/0! | R73: =IF(P73="O","O",IF(Q73="O","O","X")) -> #DIV/0!
C74: 이연법인세자산 | F74: 이연법인세자산 | J74: =G74+H74-I74 -> 0 | L74: =J74-K74 -> 0 | M74: =L74/K74 -> #DIV/0! | N74: =G74/$N$12 -> #DIV/0! | O74: =G74/$O$12 -> #DIV/0! | P74: =IF(ABS(O74)>100%,"O","X") -> #DIV/0! | R74: =IF(P74="O","O",IF(Q74="O","O","X")) -> #DIV/0!
C75: 기타비유동자산 | F75: 기타비유동자산 | J75: =G75+H75-I75 -> 0 | L75: =J75-K75 -> 0 | M75: =L75/K75 -> #DIV/0! | N75: =G75/$N$12 -> #DIV/0! | O75: =G75/$O$12 -> #DIV/0! | P75: =IF(ABS(O75)>100%,"O","X") -> #DIV/0! | R75: =IF(P75="O","O",IF(Q75="O","O","X")) -> #DIV/0!
D76: 자산총계 | G76: =G14+G41 -> 0 | J76: =J14+J41 -> 0 | K76: =K14+K41 -> 0 | L76: =L14+L41 -> 0 | M76: =L76/K76 -> #DIV/0! | N76: =G76/$N$12 -> #DIV/0! | O76: =G76/$O$12 -> #DIV/0! | P76: =IF(ABS(O76)>100%,"O","X") -> #DIV/0! | R76: =IF(P76="O","O",IF(Q76="O","O","X")) -> #DIV/0!
D77: Ⅰ.유동부채 | G77: =SUM(G78:G87) -> 0 | J77: =SUM(J78:J87) -> 0 | K77: =SUM(K78:K87) -> 0 | L77: =SUM(L78:L87) -> 0 | M77: =L77/K77 -> #DIV/0! | N77: =G77/$N$12 -> #DIV/0! | O77: =G77/$O$12 -> #DIV/0! | P77: =IF(ABS(O77)>100%,"O","X") -> #DIV/0! | R77: =IF(P77="O","O",IF(Q77="O","O","X")) -> #DIV/0!
C78: 매입채무 | F78: 매입채무 | J78: =G78+I78-H78 -> 0 | L78: =J78-K78 -> 0 | M78: =L78/K78 -> #DIV/0! | N78: =G78/$N$12 -> #DIV/0! | O78: =G78/$O$12 -> #DIV/0! | P78: =IF(ABS(O78)>100%,"O","X") -> #DIV/0! | R78: =IF(P78="O","O",IF(Q78="O","O","X")) -> #DIV/0!
C79: 미지급금 | F79: 미지급금 | J79: =G79+I79-H79 -> 0 | L79: =J79-K79 -> 0 | M79: =L79/K79 -> #DIV/0! | N79: =G79/$N$12 -> #DIV/0! | O79: =G79/$O$12 -> #DIV/0! | P79: =IF(ABS(O79)>100%,"O","X") -> #DIV/0! | R79: =IF(P79="O","O",IF(Q79="O","O","X")) -> #DIV/0!
C80: 예수금 | F80: 예수금 | J80: =G80+I80-H80 -> 0 | L80: =J80-K80 -> 0 | M80: =L80/K80 -> #DIV/0! | N80: =G80/$N$12 -> #DIV/0! | O80: =G80/$O$12 -> #DIV/0! | P80: =IF(ABS(O80)>100%,"O","X") -> #DIV/0! | R80: =IF(P80="O","O",IF(Q80="O","O","X")) -> #DIV/0!
C81: 부가세예수금 | F81: 부가세예수금 | J81: =G81+I81-H81 -> 0 | L81: =J81-K81 -> 0 | M81: =L81/K81 -> #DIV/0! | N81: =G81/$N$12 -> #DIV/0! | O81: =G81/$O$12 -> #DIV/0! | P81: =IF(ABS(O81)>100%,"O","X") -> #DIV/0! | R81: =IF(P81="O","O",IF(Q81="O","O","X")) -> #DIV/0!
C82: 선수금 | F82: 선수금 | J82: =G82+I82-H82 -> 0 | L82: =J82-K82 -> 0 | M82: =L82/K82 -> #DIV/0! | N82: =G82/$N$12 -> #DIV/0! | O82: =G82/$O$12 -> #DIV/0! | P82: =IF(ABS(O82)>100%,"O","X") -> #DIV/0! | R82: =IF(P82="O","O",IF(Q82="O","O","X")) -> #DIV/0!
C83: 미지급비용 | F83: 미지급비용 | J83: =G83+I83-H83 -> 0 | L83: =J83-K83 -> 0 | M83: =L83/K83 -> #DIV/0! | N83: =G83/$N$12 -> #DIV/0! | O83: =G83/$O$12 -> #DIV/0! | P83: =IF(ABS(O83)>100%,"O","X") -> #DIV/0! | R83: =IF(P83="O","O",IF(Q83="O","O","X")) -> #DIV/0!
C84: 미지급법인세 | F84: 미지급법인세 | J84: =G84+I84-H84 -> 0 | L84: =J84-K84 -> 0 | M84: =L84/K84 -> #DIV/0! | N84: =G84/$N$12 -> #DIV/0! | O84: =G84/$O$12 -> #DIV/0! | P84: =IF(ABS(O84)>100%,"O","X") -> #DIV/0! | R84: =IF(P84="O","O",IF(Q84="O","O","X")) -> #DIV/0!
C85: 단기차입금 | F85: 단기차입금 | J85: =G85+I85-H85 -> 0 | L85: =J85-K85 -> 0 | M85: =L85/K85 -> #DIV/0! | N85: =G85/$N$12 -> #DIV/0! | O85: =G85/$O$12 -> #DIV/0! | P85: =IF(ABS(O85)>100%,"O","X") -> #DIV/0! | R85: =IF(P85="O","O",IF(Q85="O","O","X")) -> #DIV/0!
C86: 유동성장기부채 | F86: 유동성장기부채 | J86: =G86+I86-H86 -> 0 | L86: =J86-K86 -> 0 | M86: =L86/K86 -> #DIV/0! | N86: =G86/$N$12 -> #DIV/0! | O86: =G86/$O$12 -> #DIV/0! | P86: =IF(ABS(O86)>100%,"O","X") -> #DIV/0! | R86: =IF(P86="O","O",IF(Q86="O","O","X")) -> #DIV/0!
C87: 기타유동부채 | F87: 기타유동부채 | J87: =G87+I87-H87 -> 0 | L87: =J87-K87 -> 0 | M87: =L87/K87 -> #DIV/0! | N87: =G87/$N$12 -> #DIV/0! | O87: =G87/$O$12 -> #DIV/0! | P87: =IF(ABS(O87)>100%,"O","X") -> #DIV/0! | R87: =IF(P87="O","O",IF(Q87="O","O","X")) -> #DIV/0!
D88: Ⅱ.비유동부채 | G88: =SUM(G89:G93) -> 0 | J88: =SUM(J89:J93) -> 0 | K88: =SUM(K89:K93) -> 0 | L88: =SUM(L89:L93) -> 0 | M88: =L88/K88 -> #DIV/0! | N88: =G88/$N$12 -> #DIV/0! | O88: =G88/$O$12 -> #DIV/0! | P88: =IF(ABS(O88)>100%,"O","X") -> #DIV/0! | R88: =IF(P88="O","O",IF(Q88="O","O","X")) -> #DIV/0!
C89: 장기차입금 | F89: 장기차입금 | J89: =G89+I89-H89 -> 0 | L89: =J89-K89 -> 0 | M89: =L89/K89 -> #DIV/0! | N89: =G89/$N$12 -> #DIV/0! | O89: =G89/$O$12 -> #DIV/0! | P89: =IF(ABS(O89)>100%,"O","X") -> #DIV/0! | R89: =IF(P89="O","O",IF(Q89="O","O","X")) -> #DIV/0!
C90: 퇴직급여충당부채 | F90: 퇴직급여충당부채 | J90: =G90+I90-H90 -> 0 | L90: =J90-K90 -> 0 | M90: =L90/K90 -> #DIV/0! | N90: =G90/$N$12 -> #DIV/0! | O90: =G90/$O$12 -> #DIV/0! | P90: =IF(ABS(O90)>100%,"O","X") -> #DIV/0! | R90: =IF(P90="O","O",IF(Q90="O","O","X")) -> #DIV/0!
C91: 장기미지급금 | F91: 장기미지급금 | J91: =G91+I91-H91 -> 0 | L91: =J91-K91 -> 0 | M91: =L91/K91 -> #DIV/0! | N91: =G91/$N$12 -> #DIV/0! | O91: =G91/$O$12 -> #DIV/0! | P91: =IF(ABS(O91)>100%,"O","X") -> #DIV/0! | R91: =IF(P91="O","O",IF(Q91="O","O","X")) -> #DIV/0!
C92: 이연법인세부채 | F92: 이연법인세부채 | J92: =G92+I92-H92 -> 0 | L92: =J92-K92 -> 0 | M92: =L92/K92 -> #DIV/0! | N92: =G92/$N$12 -> #DIV/0! | O92: =G92/$O$12 -> #DIV/0! | P92: =IF(ABS(O92)>100%,"O","X") -> #DIV/0! | R92: =IF(P92="O","O",IF(Q92="O","O","X")) -> #DIV/0!
C93: 기타비유동부채 | F93: 기타비유동부채 | J93: =G93+I93-H93 -> 0 | L93: =J93-K93 -> 0 | M93: =L93/K93 -> #DIV/0! | N93: =G93/$N$12 -> #DIV/0! | O93: =G93/$O$12 -> #DIV/0! | P93: =IF(ABS(O93)>100%,"O","X") -> #DIV/0! | R93: =IF(P93="O","O",IF(Q93="O","O","X")) -> #DIV/0!
D94: 부채총계 | G94: =G77+G88 -> 0 | J94: =J77+J88 -> 0 | K94: =K77+K88 -> 0 | L94: =L77+L88 -> 0 | M94: =L94/K94 -> #DIV/0! | N94: =G94/$N$12 -> #DIV/0! | O94: =G94/$O$12 -> #DIV/0! | P94: =IF(ABS(O94)>100%,"O","X") -> #DIV/0! | R94: =IF(P94="O","O",IF(Q94="O","O","X")) -> #DIV/0!
D95: Ⅰ.자본금 | G95: =SUM(G96:G96) -> 0 | J95: =SUM(J96:J96) -> 0 | K95: =SUM(K96:K96) -> 0 | L95: =SUM(L96:L96) -> 0 | M95: =L95/K95 -> #DIV/0! | N95: =G95/$N$12 -> #DIV/0! | O95: =G95/$O$12 -> #DIV/0! | P95: =IF(ABS(O95)>100%,"O","X") -> #DIV/0! | R95: =IF(P95="O","O",IF(Q95="O","O","X")) -> #DIV/0!
C96: 자본금 | F96: 자본금 | J96: =G96+I96-H96 -> 0 | L96: =J96-K96 -> 0 | M96: =L96/K96 -> #DIV/0! | N96: =G96/$N$12 -> #DIV/0! | O96: =G96/$O$12 -> #DIV/0! | P96: =IF(ABS(O96)>100%,"O","X") -> #DIV/0! | R96: =IF(P96="O","O",IF(Q96="O","O","X")) -> #DIV/0!
D97: Ⅱ.자본잉여금 | G97: =SUM(G98:G99) -> 0 | J97: =SUM(J98:J99) -> 0 | K97: =SUM(K98:K99) -> 0 | L97: =SUM(L98:L99) -> 0 | M97: =L97/K97 -> #DIV/0! | N97: =G97/$N$12 -> #DIV/0! | O97: =G97/$O$12 -> #DIV/0! | P97: =IF(ABS(O97)>100%,"O","X") -> #DIV/0! | R97: =IF(P97="O","O",IF(Q97="O","O","X")) -> #DIV/0!
C98: 주식발행초과금 | F98: 주식발행초과금 | J98: =G98+I98-H98 -> 0 | L98: =J98-K98 -> 0 | M98: =L98/K98 -> #DIV/0! | N98: =G98/$N$12 -> #DIV/0! | O98: =G98/$O$12 -> #DIV/0! | P98: =IF(ABS(O98)>100%,"O","X") -> #DIV/0! | R98: =IF(P98="O","O",IF(Q98="O","O","X")) -> #DIV/0!
C99: 기타자본잉여금 | F99: 기타자본잉여금 | J99: =G99+I99-H99 -> 0 | L99: =J99-K99 -> 0 | M99: =L99/K99 -> #DIV/0! | N99: =G99/$N$12 -> #DIV/0! | O99: =G99/$O$12 -> #DIV/0! | P99: =IF(ABS(O99)>100%,"O","X") -> #DIV/0! | R99: =IF(P99="O","O",IF(Q99="O","O","X")) -> #DIV/0!
D100: Ⅲ.자본조정 | G100: =SUM(G101:G102) -> 0 | J100: =SUM(J101:J102) -> 0 | K100: =SUM(K101:K102) -> 0 | L100: =SUM(L101:L102) -> 0 | M100: =L100/K100 -> #DIV/0! | N100: =G100/$N$12 -> #DIV/0! | O100: =G100/$O$12 -> #DIV/0! | P100: =IF(ABS(O100)>100%,"O","X") -> #DIV/0! | R100: =IF(P100="O","O",IF(Q100="O","O","X")) -> #DIV/0!
C101: 자기주식 | F101: 자기주식 | J101: =G101+I101-H101 -> 0 | L101: =J101-K101 -> 0 | M101: =L101/K101 -> #DIV/0! | N101: =G101/$N$12 -> #DIV/0! | O101: =G101/$O$12 -> #DIV/0! | P101: =IF(ABS(O101)>100%,"O","X") -> #DIV/0! | R101: =IF(P101="O","O",IF(Q101="O","O","X")) -> #DIV/0!
C102: 기타자본조정 | F102: 기타자본조정 | J102: =G102+I102-H102 -> 0 | L102: =J102-K102 -> 0 | M102: =L102/K102 -> #DIV/0! | N102: =G102/$N$12 -> #DIV/0! | O102: =G102/$O$12 -> #DIV/0! | P102: =IF(ABS(O102)>100%,"O","X") -> #DIV/0! | R102: =IF(P102="O","O",IF(Q102="O","O","X")) -> #DIV/0!
D103: Ⅳ.기타포괄손익누계액 | G103: =SUM(G104:G105) -> 0 | J103: =SUM(J104:J105) -> 0 | K103: =SUM(K104:K105) -> 0 | L103: =SUM(L104:L105) -> 0 | M103: =L103/K103 -> #DIV/0! | N103: =G103/$N$12 -> #DIV/0! | O103: =G103/$O$12 -> #DIV/0! | P103: =IF(ABS(O103)>100%,"O","X") -> #DIV/0! | R103: =IF(P103="O","O",IF(Q103="O","O","X")) -> #DIV/0!
C104: 지분법자본변동 | F104: 지분법자본변동 | J104: =G104+I104-H104 -> 0 | L104: =J104-K104 -> 0 | M104: =L104/K104 -> #DIV/0! | N104: =G104/$N$12 -> #DIV/0! | O104: =G104/$O$12 -> #DIV/0! | P104: =IF(ABS(O104)>100%,"O","X") -> #DIV/0! | R104: =IF(P104="O","O",IF(Q104="O","O","X")) -> #DIV/0!
C105: 기타포괄손익누계액(기타) | F105: 기타포괄손익누계액(기타) | J105: =G105+I105-H105 -> 0 | L105: =J105-K105 -> 0 | M105: =L105/K105 -> #DIV/0! | N105: =G105/$N$12 -> #DIV/0! | O105: =G105/$O$12 -> #DIV/0! | P105: =IF(ABS(O105)>100%,"O","X") -> #DIV/0! | R105: =IF(P105="O","O",IF(Q105="O","O","X")) -> #DIV/0!
D106: Ⅴ.이익잉여금 | G106: =SUM(G107:G110) -> 0 | J106: =SUM(J107:J110) -> 0 | K106: =SUM(K107:K110) -> 0 | L106: =SUM(L107:L110) -> 0 | M106: =L106/K106 -> #DIV/0! | N106: =G106/$N$12 -> #DIV/0! | O106: =G106/$O$12 -> #DIV/0! | P106: =IF(ABS(O106)>100%,"O","X") -> #DIV/0! | R106: =IF(P106="O","O",IF(Q106="O","O","X")) -> #DIV/0!
C107: 이익준비금 | F107: 이익준비금 | J107: =G107+I107-H107 -> 0 | L107: =J107-K107 -> 0 | M107: =L107/K107 -> #DIV/0! | N107: =G107/$N$12 -> #DIV/0! | O107: =G107/$O$12 -> #DIV/0! | P107: =IF(ABS(O107)>100%,"O","X") -> #DIV/0! | R107: =IF(P107="O","O",IF(Q107="O","O","X")) -> #DIV/0!
...
